[
	{
        "name": "1100mV",
        "hex": "4C0400"
    },
    {
        "name": "1120mV",
        "hex": "600400"
    },
    {
        "name": "1140mV",
        "hex": "740400"
    },
    {
        "name": "1150mV",
        "hex": "7E0400"
    },
    {
        "name": "1160mV - ECO",
        "hex": "880400"
    },
    {
        "name": "1170mV",
        "hex": "920400"
    },
    {
        "name": "1180mV - Base",
        "hex": "9C0400"
    },
    {
        "name": "1190mV",
        "hex": "A60400"
    },
    {
        "name": "1200mV",
        "hex": "B00400"
    },
    {
        "name": "1210mV",
        "hex": "BA0400"
    },
    {
        "name": "1220mV",
        "hex": "C40400"
    },
    {
        "name": "1235mV - Unstable",
        "hex": "D30400",
        "color": "Orange"
    },
    {
        "name": "1250mV - Unstable",
        "hex": "E20400",
        "color": "Orange"
    },
    {
        "name": "1265mV - Unstable",
        "hex": "F10400",
        "color": "Orange"
    },
    {
        "name": "1270mV - Unstable",
        "hex": "F60400",
        "color": "Orange"
    }
]


