[{"CPU Minimum Voltage": "030000", "extent": " mV", "filler_before": "false", "page": "1"}, {"CPU Maximum Voltage": "00000000", "extent": " mV", "filler_before": "false", "page": "1"}, {"dCPUv": "00000000", "extent": " mV", "filler_before": "false", "page": "1"}, {"CPU Boost Clock": "00000000", "extent": " MHz", "filler_before": "false", "page": "1"}, {"Low MHz Undervolt Mode": "00", "extent": "", "filler_before": "false", "page": "1"}, {"High MHz Undervolt Mode": "00", "extent": "", "filler_before": "false", "page": "1"}, {"Speedshift": "000000", "extent": "", "filler_before": "false", "page": "1"}, {"GPU Eco Mode": "01", "extent": "", "filler_before": "true", "page": "1"}, {"GPUv": "020000", "extent": " mV", "filler_before": "false", "page": "1"}, {"GPU Over Mode": "00000000", "extent": " mV", "filler_before": "false", "page": "1"}, {"RAM MHz": "009F2400", "extent": " MHz", "filler_before": "true", "page": "1"}, {"RAM Vddq": "706408", "extent": " mV", "filler_before": "false", "page": "1"}, {"RAM Vdd2": "70991400", "extent": " mV", "filler_before": "false", "page": "1"}, {"EMC Balance": "00000000", "extent": "", "filler_before": "false", "page": "1"}, {"  eBm ST": "02000000", "extent": "", "filler_before": "false", "page": "1"}, {"EMC DVB Mode": "00000000", "extent": " mV", "filler_before": "false", "page": "1"}, {"Core Timings": "03,09,00,05,04,04,08,03", "extent": "", "filler_before": "false", "page": "1"}, {"Eba-shift": "01", "extent": "", "filler_before": "false", "page": "1"}, {"pMEH(0-11)": "0000,0200,0000,0200,0200,0000,0000,0200,0100,0000,0300,0000", "extent": "", "filler_before": "true", "page": "1"}, {"pMEH(12-21)": "0100,0000,0000,0000,0000,0000,0200,0200,0400,0200", "extent": "", "filler_before": "false", "page": "1"}, {"sMEH(0-11)": "0700,0300,0000,0200,0200,0200,0100,0000,0200,0100,0000,0200", "extent": "", "filler_before": "false", "page": "1"}, {"sMEH(12-13)": "0100,0100", "extent": "", "filler_before": "false", "page": "1"}, {"> GPU Voltage Table": "", "filler_before": "true", "page": "2"}, {"192mhz": "88660700", "extent": "mV", "filler_before": "true", "page": "2", "no_skip": "true"}, {"1075mhz": "D04E0900", "extent": "mV", "filler_before": "false", "page": "2", "no_skip": "false"}, {"230mhz": "107A0700", "extent": "mV", "filler_before": "false", "page": "2", "no_skip": "true"}, {"1152mhz": "E0750900", "extent": "mV", "filler_before": "false", "page": "2", "no_skip": "false"}, {"307mhz": "20A10700", "extent": "mV", "filler_before": "false", "page": "2", "no_skip": "true"}, {"1228mhz": "78B00900", "extent": "mV", "filler_before": "false", "page": "2", "no_skip": "false"}, {"384mhz": "30C80700", "extent": "mV", "filler_before": "false", "page": "2", "no_skip": "true"}, {"1305mhz": "88D70900", "extent": "mV", "filler_before": "false", "page": "2", "no_skip": "false"}, {"460mhz": "40EF0700", "extent": "mV", "filler_before": "false", "page": "2", "no_skip": "true"}, {"1344mhz": "20120A00", "extent": "mV", "filler_before": "false", "page": "2", "no_skip": "false"}, {"537mhz": "50160800", "extent": "mV", "filler_before": "false", "page": "2", "no_skip": "true"}, {"1382mhz": "30390A00", "extent": "mV", "filler_before": "false", "page": "2", "no_skip": "false"}, {"614mhz": "603D0800", "extent": "mV", "filler_before": "false", "page": "2", "no_skip": "true"}, {"1420mhz": "C8730A00", "extent": "mV", "filler_before": "false", "page": "2", "no_skip": "false"}, {"691mhz": "70640800", "extent": "mV", "filler_before": "false", "page": "2", "no_skip": "true"}, {"1459mhz": "60AE0A00", "extent": "mV", "filler_before": "false", "page": "2", "no_skip": "false"}, {"768mhz": "808B0800", "extent": "mV", "filler_before": "false", "page": "2", "no_skip": "true"}, {"1497mhz": "F8E80A00", "extent": "mV", "filler_before": "false", "page": "2", "no_skip": "false"}, {"844mhz": "90B20800", "extent": "mV", "filler_before": "false", "page": "2", "no_skip": "true"}, {"1536mhz": "90230B00", "extent": "mV", "filler_before": "false", "page": "2", "no_skip": "false"}, {"921mhz": "28ED0800", "extent": "mV", "filler_before": "false", "page": "2", "no_skip": "true"}, {"1574mhz": "B0710B00", "extent": "mV", "filler_before": "false", "page": "2", "no_skip": "false"}, {"998mhz": "38140900", "extent": "mV", "filler_before": "false", "page": "2", "no_skip": "true"}, {"1612mhz": "48AC0B00", "extent": "mV", "filler_before": "false", "page": "2", "no_skip": "false"}]