[{"CPU Minimum Voltage": "030000", "extent": " mV", "filler_before": "false", "page": "1"}, {"CPU Maximum Voltage": "00000000", "extent": " mV", "filler_before": "false", "page": "1"}, {"dCPUv": "00000000", "extent": " mV", "filler_before": "false", "page": "1"}, {"CPU Boost Clock": "00000000", "extent": " MHz", "filler_before": "false", "page": "1"}, {"Low MHz Undervolt Mode": "00", "extent": "", "filler_before": "false", "page": "1"}, {"High MHz Undervolt Mode": "00", "extent": "", "filler_before": "false", "page": "1"}, {"Speedshift": "000000", "extent": "", "filler_before": "false", "page": "1"}, {"GPU Eco Mode": "00", "extent": "", "filler_before": "true", "page": "1"}, {"GPUv": "030000", "extent": " mV", "filler_before": "false", "page": "1"}, {"GPU Over Mode": "00000000", "extent": " mV", "filler_before": "false", "page": "1"}, {"RAM MHz": "009F2400", "extent": " MHz", "filler_before": "true", "page": "1"}, {"RAM Vddq": "10EB09", "extent": " mV", "filler_before": "false", "page": "1"}, {"RAM Vdd2": "70991400", "extent": " mV", "filler_before": "false", "page": "1"}, {"EMC Balance": "00000000", "extent": "", "filler_before": "false", "page": "1"}, {"  eBm ST": "00000000", "extent": "", "filler_before": "false", "page": "1"}, {"EMC DVB Mode": "00000000", "extent": " mV", "filler_before": "false", "page": "1"}, {"Core Timings": "01,01,00,01,01,01,01,01", "extent": "", "filler_before": "false", "page": "1"}, {"Eba-shift": "01", "extent": "", "filler_before": "false", "page": "1"}, {"pMEH(0-11)": "0000,0200,0000,0200,0200,0000,0000,0000,0000,0000,0000,0000", "extent": "", "filler_before": "true", "page": "1"}, {"pMEH(12-21)": "0100,0000,0000,0000,0000,0000,0000,0100,0400,0200", "extent": "", "filler_before": "false", "page": "1"}, {"sMEH(0-11)": "0600,0200,0200,0200,0200,0100,0100,0000,0000,0100,0000,0200", "extent": "", "filler_before": "false", "page": "1"}, {"sMEH(12-13)": "0000,0000", "extent": "", "filler_before": "false", "page": "1"}, {"> GPU Voltage Table": "", "filler_before": "true", "page": "2"}, {"192mhz": "8B010000", "extent": "mV", "filler_before": "true", "page": "2", "no_skip": "true"}, {"1075mhz": "B7020000", "extent": "mV", "filler_before": "false", "page": "2", "no_skip": "false"}, {"230mhz": "A4010000", "extent": "mV", "filler_before": "false", "page": "2", "no_skip": "true"}, {"1152mhz": "D0020000", "extent": "mV", "filler_before": "false", "page": "2", "no_skip": "false"}, {"307mhz": "BD010000", "extent": "mV", "filler_before": "false", "page": "2", "no_skip": "true"}, {"1228mhz": "EE020000", "extent": "mV", "filler_before": "false", "page": "2", "no_skip": "false"}, {"384mhz": "D6010000", "extent": "mV", "filler_before": "false", "page": "2", "no_skip": "true"}, {"1305mhz": "0C030000", "extent": "mV", "filler_before": "false", "page": "2", "no_skip": "false"}, {"460mhz": "EF010000", "extent": "mV", "filler_before": "false", "page": "2", "no_skip": "true"}, {"1344mhz": "2A030000", "extent": "mV", "filler_before": "false", "page": "2", "no_skip": "false"}, {"537mhz": "08020000", "extent": "mV", "filler_before": "false", "page": "2", "no_skip": "true"}, {"1382mhz": "48030000", "extent": "mV", "filler_before": "false", "page": "2", "no_skip": "false"}, {"614mhz": "21020000", "extent": "mV", "filler_before": "false", "page": "2", "no_skip": "true"}, {"1420mhz": "66030000", "extent": "mV", "filler_before": "false", "page": "2", "no_skip": "false"}, {"691mhz": "3A020000", "extent": "mV", "filler_before": "false", "page": "2", "no_skip": "true"}, {"1459mhz": "84030000", "extent": "mV", "filler_before": "false", "page": "2", "no_skip": "false"}, {"768mhz": "53020000", "extent": "mV", "filler_before": "false", "page": "2", "no_skip": "true"}, {"1497mhz": "A2030000", "extent": "mV", "filler_before": "false", "page": "2", "no_skip": "false"}, {"844mhz": "6C020000", "extent": "mV", "filler_before": "false", "page": "2", "no_skip": "true"}, {"1536mhz": "C0030000", "extent": "mV", "filler_before": "false", "page": "2", "no_skip": "false"}, {"921mhz": "85020000", "extent": "mV", "filler_before": "false", "page": "2", "no_skip": "true"}, {"1574mhz": "DE030000", "extent": "mV", "filler_before": "false", "page": "2", "no_skip": "false"}, {"998mhz": "9E020000", "extent": "mV", "filler_before": "false", "page": "2", "no_skip": "true"}, {"1612mhz": "FC030000", "extent": "mV", "filler_before": "false", "page": "2", "no_skip": "false"}]