[{"CPU Minimum Voltage": "030000", "extent": " mV", "filler_before": "false", "page": "1"}, {"CPU Maximum Voltage": "00000000", "extent": " mV", "filler_before": "false", "page": "1"}, {"dCPUv": "00000000", "extent": " mV", "filler_before": "false", "page": "1"}, {"CPU Boost Clock": "00000000", "extent": " MHz", "filler_before": "false", "page": "1"}, {"Low MHz Undervolt Mode": "00", "extent": "", "filler_before": "false", "page": "1"}, {"High MHz Undervolt Mode": "00", "extent": "", "filler_before": "false", "page": "1"}, {"Speedshift": "000000", "extent": "", "filler_before": "false", "page": "1"}, {"GPU Eco Mode": "01", "extent": "", "filler_before": "true", "page": "1"}, {"GPUv": "020000", "extent": " mV", "filler_before": "false", "page": "1"}, {"GPU Over Mode": "00000000", "extent": " mV", "filler_before": "false", "page": "1"}, {"RAM MHz": "80B92A00", "extent": " MHz", "filler_before": "true", "page": "1"}, {"RAM Vddq": "C02709", "extent": " mV", "filler_before": "false", "page": "1"}, {"RAM Vdd2": "C8371400", "extent": " mV", "filler_before": "false", "page": "1"}, {"EMC Balance": "00000000", "extent": "", "filler_before": "false", "page": "1"}, {"  eBm ST": "02000000", "extent": "", "filler_before": "false", "page": "1"}, {"EMC DVB Mode": "02000000", "extent": " mV", "filler_before": "false", "page": "1"}, {"Core Timings": "03,05,00,07,04,04,08,04", "extent": "", "filler_before": "false", "page": "1"}, {"Eba-shift": "04", "extent": "", "filler_before": "false", "page": "1"}, {"pMEH(0-11)": "0000,0200,0000,0200,0200,0100,0100,0300,0200,0000,0600,0000", "extent": "", "filler_before": "true", "page": "1"}, {"pMEH(12-21)": "0100,0000,0000,0000,0000,0000,0200,0400,0200,0400", "extent": "", "filler_before": "false", "page": "1"}, {"sMEH(0-11)": "0700,0200,0200,0200,0200,0200,0000,0000,0000,0000,0000,0200", "extent": "", "filler_before": "false", "page": "1"}, {"sMEH(12-16)": "0100,0000,0000,0000,0000", "extent": "", "filler_before": "false", "page": "1"}, {"> GPU Voltage Table": "", "filler_before": "true", "page": "2"}, {"307mhz": "68180700", "extent": "mV", "filler_before": "true", "page": "2", "no_skip": "true"}, {"921mhz": "78B00900", "extent": "mV", "filler_before": "false", "page": "2", "no_skip": "false"}, {"345mhz": "F02B0700", "extent": "mV", "filler_before": "false", "page": "2", "no_skip": "true"}, {"960mhz": "10EB0900", "extent": "mV", "filler_before": "false", "page": "2", "no_skip": "false"}, {"384mhz": "783F0700", "extent": "mV", "filler_before": "false", "page": "2", "no_skip": "true"}, {"998mhz": "20120A00", "extent": "mV", "filler_before": "false", "page": "2", "no_skip": "false"}, {"422mhz": "00530700", "extent": "mV", "filler_before": "false", "page": "2", "no_skip": "true"}, {"1036mhz": "B84C0A00", "extent": "mV", "filler_before": "false", "page": "2", "no_skip": "false"}, {"460mhz": "988D0700", "extent": "mV", "filler_before": "false", "page": "2", "no_skip": "true"}, {"1075mhz": "50870A00", "extent": "mV", "filler_before": "false", "page": "2", "no_skip": "false"}, {"499mhz": "A8B40700", "extent": "mV", "filler_before": "false", "page": "2", "no_skip": "true"}, {"1113mhz": "70D50A00", "extent": "mV", "filler_before": "false", "page": "2", "no_skip": "false"}, {"537mhz": "40EF0700", "extent": "mV", "filler_before": "false", "page": "2", "no_skip": "true"}, {"1152mhz": "90230B00", "extent": "mV", "filler_before": "false", "page": "2", "no_skip": "false"}, {"576mhz": "50160800", "extent": "mV", "filler_before": "false", "page": "2", "no_skip": "true"}, {"1190mhz": "B0710B00", "extent": "mV", "filler_before": "false", "page": "2", "no_skip": "false"}, {"614mhz": "E8500800", "extent": "mV", "filler_before": "false", "page": "2", "no_skip": "true"}, {"1228mhz": "D0BF0B00", "extent": "mV", "filler_before": "false", "page": "2", "no_skip": "false"}, {"652mhz": "F8770800", "extent": "mV", "filler_before": "false", "page": "2", "no_skip": "true"}, {"1267mhz": "68FA0B00", "extent": "mV", "filler_before": "false", "page": "2", "no_skip": "false"}, {"691mhz": "089F0800", "extent": "mV", "filler_before": "false", "page": "2", "no_skip": "true"}, {"1305mhz": "00350C00", "extent": "mV", "filler_before": "false", "page": "2", "no_skip": "false"}, {"729mhz": "18C60800", "extent": "mV", "filler_before": "false", "page": "2", "no_skip": "true"}, {"1344mhz": "A8960C00", "extent": "mV", "filler_before": "false", "page": "2", "no_skip": "false"}, {"768mhz": "28ED0800", "extent": "mV", "filler_before": "false", "page": "2", "no_skip": "true"}, {"1382mhz": "50F80C00", "extent": "mV", "filler_before": "false", "page": "2", "no_skip": "false"}, {"806mhz": "38140900", "extent": "mV", "filler_before": "false", "page": "2", "no_skip": "true"}, {"1420mhz": "806D0D00", "extent": "mV", "filler_before": "false", "page": "2", "no_skip": "false"}, {"844mhz": "D04E0900", "extent": "mV", "filler_before": "false", "page": "2", "no_skip": "true"}, {"MAXmhz": "00A60E00", "extent": "mV", "filler_before": "false", "page": "2", "no_skip": "false"}, {"883mhz": "68890900", "extent": "mV", "filler_before": "false", "page": "2", "no_skip": "true"}]