{
    "ams": {
        "4IFIR 1.9": "https://github.com/rashevskyv/4ifir-checker/raw/main/github/4IFIR.zip"
    },
    "misc": {
        "HOS17 FIX Poor Man Solution": "https://github.com/rashevskyv/4ifir-checker/raw/main/github/4IFIX.zip",
        "4MODS": "https://github.com/rashevskyv/4ifir-checker/raw/main/github/4MODS.zip",
        "Refresh": "https://github.com/rashevskyv/4ifir-checker/raw/main/github/AIO.zip",
        "Placebo": "https://github.com/rashevskyv/4ifir-checker/raw/main/github/AIOB.zip"
    }
}