{
    "ams": {
        "4IFIR 1.6": "https://github.com/rashevskyv/4ifir-checker/releases/latest/download/4IFIR.zip"
    },
    "misc": {
        "Stage 8": "https://github.com/rashevskyv/4ifir-checker/releases/latest/download/ST.zip",
        "Stage 8+": "https://github.com/rashevskyv/4ifir-checker/releases/latest/download/ST+.zip",
        "4MODS": "https://github.com/rashevskyv/4ifir-checker/releases/latest/download/4MODS.zip",
        "Refresh": "https://github.com/rashevskyv/4ifir-checker/releases/latest/download/AIO.zip",
        "Placebo": "https://github.com/rashevskyv/4ifir-checker/releases/latest/download/AIOB.zip"
    }
}