{
    "ams": {
        "4IFIR 1.7": "https://github.com/rashevskyv/4ifir-checker/raw/main/github/4IFIR+.zip"
    },
    "misc": {
        "ST9 ECO (MGCJ)": "https://github.com/rashevskyv/4ifir-checker/raw/main/github/ST++.zip",
        "ST9+ ECO (MGCL)": "https://github.com/rashevskyv/4ifir-checker/raw/main/github/ST+++.zip",
        "Refresh": "https://github.com/rashevskyv/4ifir-checker/raw/main/github/AIOB.zip",
        "Shaitan": "https://github.com/rashevskyv/4ifir-checker/raw/main/github/AIO.zip"
    }
}