[
    {
        "name": "1130mV",
        "hex": "6A0400"
    },
    {
        "name": "1140mV",
        "hex": "740400"
    },
    {
        "name": "1150mV",
        "hex": "7E0400"
    },
    {
        "name": "1160mV",
        "hex": "880400"
    },
    {
        "name": "1170mV",
        "hex": "920400"
    },
    {
        "name": "1180mV",
        "hex": "9C0400"
    },
    {
        "name": "1190mV",
        "hex": "A60400"
    },
    {
        "name": "1200mV",
        "hex": "B00400"
    },
    {
        "name": "1210mV",
        "hex": "BA0400"
    },
    {
        "name": "1220mV",
        "hex": "C40400"
    },
    {
        "name": "1230mV",
        "hex": "CE0400"
    },
    {
        "name": "1240mV",
        "hex": "D80400"
    },
    {
        "name": "1250mV",
        "hex": "E20400"
    },
    {
        "name": "1260mV",
        "hex": "EC0400"
    },
    {
        "name": "1270mV",
        "hex": "F60400"
    }
]