[
    {
        "name": "1785mV",
        "hex": "A83C1B"
    },
    {
        "name": "1810mV",
        "hex": "509E1B"
    },
    {
        "name": "1835mV",
        "hex": "F8FF1B"
    },
    {
        "name": "1860mV",
        "hex": "A0611C"
    },
    {
        "name": "1885mV",
        "hex": "48C31C"
    },
    {
        "name": "1910mV",
        "hex": "F0241D"
    },
    {
        "name": "1935mV",
        "hex": "98861D"
    },
    {
        "name": "1960mV",
        "hex": "40E81D"
    },
    {
        "name": "1985mV",
        "hex": "E8491E"
    },
    {
        "name": "2010mV",
        "hex": "90AB1E"
    },
    {
        "name": "2035mV",
        "hex": "380D1F"
    },
    {
        "name": "2060mV",
        "hex": "E06E1F"
    },
    {
        "name": "2085mV",
        "hex": "88D01F"
    },
    {
        "name": "2110mV",
        "hex": "303220"
    },
    {
        "name": "2135mV",
        "hex": "D89320"
    },
    {
        "name": "2160mV",
        "hex": "80F520"
    },
    {
        "name": "2185mV",
        "hex": "285721"
    },
    {
        "name": "2210mV",
        "hex": "D0B821"
    },
    {
        "name": "2235mV",
        "hex": "781A22"
    },
    {
        "name": "2260mV",
        "hex": "207C22"
    },
    {
        "name": "2285mV",
        "hex": "C8DD22"
    },
    {
        "name": "2310mV",
        "hex": "703F23"
    },
    {
        "name": "2335mV",
        "hex": "18A123"
    },
    {
        "name": "2360mV",
        "hex": "C00224"
    },
    {
        "name": "2385mV",
        "hex": "686424"
    },
    {
        "name": "2410mV",
        "hex": "10C624"
    },
    {
        "name": "2435mV",
        "hex": "B82725"
    },
    {
        "name": "2460mV",
        "hex": "608925"
    },
    {
        "name": "2485mV",
        "hex": "08EB25"
    },
    {
        "name": "2510mV",
        "hex": "B04C26"
    },
    {
        "name": "2535mV",
        "hex": "58AE26"
    },
    {
        "name": "2560mV",
        "hex": "001027"
    },
    {
        "name": "2585mV",
        "hex": "A87127"
    },
    {
        "name": "2610mV",
        "hex": "50D327"
    },
    {
        "name": "2635mV",
        "hex": "F83428"
    },
    {
        "name": "2660mV",
        "hex": "A09628"
    },
    {
        "name": "2685mV",
        "hex": "48F828"
    },
    {
        "name": "2710mV",
        "hex": "F05929"
    },
    {
        "name": "2735mV",
        "hex": "98BB29"
    },
    {
        "name": "2760mV",
        "hex": "401D2A"
    },
    {
        "name": "2785mV",
        "hex": "E87E2A"
    },
    {
        "name": "2810mV",
        "hex": "90E02A"
    },
    {
        "name": "2835mV",
        "hex": "38422B"
    },
    {
        "name": "2860mV",
        "hex": "E0A32B"
    },
    {
        "name": "2885mV",
        "hex": "88052C"
    },
    {
        "name": "2910mV",
        "hex": "30672C"
    },
    {
        "name": "2935mV",
        "hex": "D8C82C"
    },
    {
        "name": "2960mV",
        "hex": "802A2D"
    },
    {
        "name": "2985mV",
        "hex": "288C2D"
    },
    {
        "name": "3009mV",
        "hex": "E8E92D"
    }
]