[
    {
        "name": "250mV",
        "hex": "FA0000"
    },
    {
        "name": "275mV",
        "hex": "130100"
    },
    {
        "name": "300mV",
        "hex": "2C0100"
    },
    {
        "name": "325mV",
        "hex": "450100"
    },
    {
        "name": "350mV",
        "hex": "5E0100"
    },
    {
        "name": "375mV",
        "hex": "770100"
    },
    {
        "name": "400mV",
        "hex": "900100"
    },
    {
        "name": "425mV",
        "hex": "A90100"
    },
    {
        "name": "450mV",
        "hex": "C20100"
    },
    {
        "name": "475mV",
        "hex": "DB0100"
    },
    {
        "name": "500mV",
        "hex": "F40100"
    },
    {
        "name": "525mV",
        "hex": "0D0200"
    },
    {
        "name": "550mV",
        "hex": "260200"
    },
    {
        "name": "575mV",
        "hex": "3F0200"
    },
    {
        "name": "600mV",
        "hex": "580200"
    },
    {
        "name": "625mV",
        "hex": "710200"
    },
    {
        "name": "650mV",
        "hex": "8A0200"
    },
    {
        "name": "675mV",
        "hex": "A30200"
    }
]