{
    "ams": {
        "4IFIR 1.7": "https://github.com/rashevskyv/4ifir-checker/releases/latest/download/4IFIR+.zip"
    },
    "misc": {
        "ST9 ECO (MGCJ)": "https://github.com/rashevskyv/4ifir-checker/releases/latest/download/ST++.zip",
        "ST9+ ECO (MGCL)": "https://github.com/rashevskyv/4ifir-checker/releases/latest/download/ST+++.zip",
        "Refresh": "https://github.com/rashevskyv/4ifir-checker/releases/latest/download/AIOB.zip",
        "Unreal": "https://github.com/rashevskyv/4ifir-checker/releases/latest/download/AIO.zip"
    }
}