[
    {
        "name": "4.8Mb/s - Stock",
        "hex": "u32!0x42D560"
    },
    {
        "name": "7.8Mb/s",
        "hex": "u32!0x780000"
    },
    {
        "name": "10.5Mb/s",
        "hex": "u32!0xA00000"
    },
    {
        "name": "12Mb/s",
        "hex": "u32!0xB71B00"
    },
    {
        "name": "15Mb/s",
        "hex": "u32!0xE4E1C0"
    },
    {
        "name": "17.5Mb/s",
        "hex": "u32!0x10B0760"
    },
    {
        "name": "20Mb/s - Base",
        "hex": "u32!0x1312D00"
    }
]