[
	{
		"name": "CPU Voltage Limit",
		"offset": "20",
		"length": "4",
		"extent": "mV"
	},
	{
		"name": "CPU Priority Mode",
		"offset": "40",
		"length": "1"
	},
	{
		"name": "RAM MHz",
		"offset": "24",
		"length": "4",
		"extent": "MHz"
	},
	{
		"name": "RAM Vdd2",
		"offset": "16",
		"length": "4",
		"extent": "mV"
	},
	{
		"name": "EMC DVB Table",
		"offset": "48",
		"length": "1"
	},
	{
		"name": "Core Timings",
		"offset": "52,56,60,64,68,76",
		"length": "1"
	},
	{
		"name": "GPU Settings:",
		"state": "filler"
	},
	{
		"name": "230-614MHz",
		"offset": "5392",
		"length": "3",
		"extent": "mV",
		"default" : "1"
	},
	{
		"name": "690MHz",
		"offset": "5728",
		"length": "3",
		"extent": "mV",
		"default": "1"
	},
	{
		"name": "729MHz",
		"offset": "5784",
		"length": "3",
		"extent": "mV",
		"state": "no_skip",
		"default": "1"
	},
	{
		"name": "768MHz",
		"offset": "5840",
		"length": "3",
		"extent": "mV",
		"default": "1"
	},
	{
		"name": "806MHz",
		"offset": "5896",
		"length": "3",
		"extent": "mV",
		"state": "no_skip",
		"default": "1"
	},
	{
		"name": "844MHz",
		"offset": "5952",
		"length": "3",
		"extent": "mV",
		"default": "1"
	},
	{
		"name": "921MHz",
		"offset": "6008",
		"length": "3",
		"extent": "mV",
		"state": "no_skip",
		"default": "1"
	},
	{
		"name": "1000MHz",
		"offset": "6064",
		"length": "3",
		"extent": "mV",
		"default": "1"
	}
]