{
    "ams": {
        "4IFIR 1.8": "https://github.com/rashevskyv/4ifir-checker/raw/main/github/4IFIR.zip"
    },
    "misc": {
        "STX ECO (MGCJ)": "https://github.com/rashevskyv/4ifir-checker/raw/main/github/ST.zip",
        "STX+ ECO (MGCL)": "https://github.com/rashevskyv/4ifir-checker/raw/main/github/ST+.zip",
        "4MODS": "https://github.com/rashevskyv/4ifir-checker/raw/main/github/4MODS.zip",
        "Refresh": "https://github.com/rashevskyv/4ifir-checker/raw/main/github/AIO.zip",
        "Placebo": "https://github.com/rashevskyv/4ifir-checker/raw/main/github/AIOB.zip"
    }
}