[
	{
		"name": "                  Kip Version",
		"offset": "4",
		"length": "3"
	},
	{
		"name": "",
		"state": "filler"
	},
	{
		"name": "======== CPU Settings ========",
		"state": "filler"
	},
	{
		"name": "",
		"state": "filler"
	},
	{
		"name": "CPU Minimum Voltage",
		"offset": "48",
		"length": "3",
		"extent": " mV"
	},
	{
		"name": "CPU Maximum Voltage",
		"offset": "28",
		"length": "4",
		"extent": " mV"
	},
	{
		"name": "dCPUv",
		"offset": "12348",
		"length": "4",
		"extent": " mV"
	},
	{
		"name": "CPU Boost Clock",
		"offset": "12",
		"length": "4",
		"extent": " MHz"
	},
	{
		"name": "Low  MHz Undervolt Mode",
		"offset": "12340",
		"length": "1"
	},
	{
		"name": "High  MHz Undervolt Mode",
		"offset": "80",
		"length": "1"
	},
	{
		"name": "",
		"state": "filler"
	},
	{
		"name": "======== RAM Settings ========",
		"state": "filler"
	},
	{
		"name": "",
		"state": "filler"
	},
	{
		"name": "RAM  MHz",
		"offset": "32",
		"length": "4",
		"extent": " MHz"
	},
	{
		"name": "RAM Vddq",
		"offset": "36",
		"length": "3",
		"extent": " mV"
	},
	{
		"name": "RAM Vdd2",
		"offset": "16",
		"length": "4",
		"extent": " mV"
	},
	{
		"name": "EMC DVB Mode",
		"offset": "56",
		"length": "1"
	},
	{
		"name": "Core Timings",
		"offset": "60,64,68,72,76,80,84",
		"length": "1"
	},
	{
		"name": "",
		"state": "filler"
	},
	{
		"name": "======== GPU Settings ========",
		"state": "filler"
	},
	{
		"name": "",
		"state": "filler"
	},
	{
		"name": "GPU Eco Mode",
		"offset": "44",
		"length": "1"
	},
	{
		"name": "GPUv",
		"offset": "52",
		"length": "3",
		"extent": " mV"
	},
	{
		"name": "GPU Over Mode",
		"offset": "12344",
		"length": "3",
		"extent": " mV"
	},
	{
		"name": "",
		"state": "filler"
	},
	{
		"name": "==================================",
		"state": "filler"
	}
]