[
    {
        "name": "Wii U System Soundtrack - be patient",
        "label": "Wii U System Soundtrack",
        "url": "https://archive.org/compress/wiiumusic/formats=VBR%20MP3&file=/wiiumusic.zip"
    },
    {
        "name": "Wii System Soundtrack - be patient",
        "label": "Wii System Soundtrack",
        "url": "https://archive.org/compress/wii-system-soundtrack-flac/formats=VBR%20MP3&file=/wii-system-soundtrack-flac.zip"
    },
    {
        "name": "Undertale OST - be patient",
        "label": "Undertale OST",
        "url": "https://archive.org/compress/undertaleost_202004/formats=VBR%20MP3&file=/undertaleost_202004.zip"
    },
    {
        "name": "Pokémon Diamond & Pokémon Pearl: Super Music Collection - be patient",
        "label": "Pokémon Diamond & Pokémon Pearl: Super Music Collection",
        "url": "https://archive.org/compress/pkmn-dppt-soundtrack/formats=VBR%20MP3&file=/pkmn-dppt-soundtrack.zip"
    },
    {
        "name": "JSR + JSRF OST - be patient",
        "label": "JSR + JSRF OST",
        "url": "https://archive.org/compress/08.-electric-tooth-brush/formats=VBR%20MP3&file=/08.-electric-tooth-brush.zip"
    }
]
