[
    {
        "name": "2323MHz",
        "hex": "007323"
    },
    {
        "name": "2342MHz",
        "hex": "00BE23"
    },
    {
        "name": "2361MHz",
        "hex": "000924"
    },
    {
        "name": "2380MHz",
        "hex": "005424"
    },
    {
        "name": "2400MHz - Base",
        "hex": "009F24"
    },
    {
        "name": "2419MHz",
        "hex": "00EA24"
    },
    {
        "name": "2438MHz",
        "hex": "003525"
    },
    {
        "name": "2457MHz",
        "hex": "008025"
    },
    {
        "name": "2476MHz",
        "hex": "00CB25"
    },
    {
        "name": "2500MHz",
        "hex": "001626"
    },
    {
        "name": "2515MHz",
        "hex": "006126"
    },
    {
        "name": "2534MHz",
        "hex": "00AC26"
    },
    {
        "name": "2553MHz",
        "hex": "00F726"
    },
    {
        "name": "2572MHz",
        "hex": "004227"
    },
    {
        "name": "2592MHz",
        "hex": "008D27"
    },
    {
        "name": "2611MHz",
        "hex": "00D827"
    },
    {
        "name": "2630MHz",
        "hex": "002328"
    },
    {
        "name": "2649MHz",
        "hex": "006E28"
    },
    {
        "name": "2668MHz",
        "hex": "00B928"
    },
    {
        "name": "2688MHz",
        "hex": "000429"
    },
    {
        "name": "2700MHz",
        "hex": "004F29"
    },
    {
        "name": "2726MHz",
        "hex": "009A29"
    },
    {
        "name": "2745MHz",
        "hex": "00E529"
    },
    {
        "name": "2764MHz",
        "hex": "00302A"
    },
    {
        "name": "2784MHz",
        "hex": "007B2A"
    },
    {
        "name": "2800MHz",
        "hex": "00C62A"
    },
    {
        "name": "2822MHz",
        "hex": "00112B"
    },
    {
        "name": "2841MHz",
        "hex": "005C2B"
    },
    {
        "name": "2860MHz",
        "hex": "00A72B"
    },
    {
        "name": "2880MHz",
        "hex": "00F22B"
    },
    {
        "name": "2900MHz",
        "hex": "003D2C"
    },
    {
        "name": "2918MHz",
        "hex": "00882C"
    },
    {
        "name": "2937MHz",
        "hex": "00D32C"
    },
    {
        "name": "2956MHz",
        "hex": "001E2D"
    },
    {
        "name": "2976MHz",
        "hex": "00692D"
    },
    {
        "name": "3000MHz",
        "hex": "00B42D"
    }
]