[
    {
        "name": "2016MHz",
        "hex": "00C31E"
    },
    {
        "name": "2035MHz",
        "hex": "000E1F"
    },
    {
        "name": "2054MHz",
        "hex": "00591F"
    },
    {
        "name": "2073MHz",
        "hex": "00A41F"
    },
    {
        "name": "2092MHz",
        "hex": "00EF1F"
    },
    {
        "name": "2112MHz",
        "hex": "003A20"
    },
    {
        "name": "2131MHz",
        "hex": "008520"
    },
    {
        "name": "2150MHz",
        "hex": "00D020"
    },
    {
        "name": "2169MHz",
        "hex": "001B21"
    },
    {
        "name": "2188MHz",
        "hex": "006621"
    },
    {
        "name": "2208MHz",
        "hex": "00B121"
    },
    {
        "name": "2227MHz",
        "hex": "00FC21"
    },
    {
        "name": "2246MHz",
        "hex": "004722"
    },
    {
        "name": "2265MHz",
        "hex": "009222"
    },
    {
        "name": "2284MHz",
        "hex": "00DD22"
    },
    {
        "name": "2304MHz",
        "hex": "002823"
    },
    {
        "name": "2323MHz",
        "hex": "007323"
    },
    {
        "name": "2342MHz",
        "hex": "00BE23"
    },
    {
        "name": "2361MHz",
        "hex": "000924"
    },
    {
        "name": "2380MHz",
        "hex": "005424"
    },
    {
        "name": "2400MHz",
        "hex": "009F24"
    },
    {
        "name": "2419MHz",
        "hex": "00EA24"
    },
    {
        "name": "2438MHz",
        "hex": "003525"
    },
    {
        "name": "2457MHz",
        "hex": "008025"
    },
    {
        "name": "2476MHz",
        "hex": "00CB25"
    },
    {
        "name": "2496MHz",
        "hex": "001626"
    },
    {
        "name": "2515MHz",
        "hex": "006126"
    },
    {
        "name": "2534MHz",
        "hex": "00AC26"
    },
    {
        "name": "2553MHz",
        "hex": "00F726"
    },
    {
        "name": "2572MHz",
        "hex": "004227"
    },
    {
        "name": "2592MHz",
        "hex": "008D27"
    },
    {
        "name": "2611MHz",
        "hex": "00D827"
    },
    {
        "name": "2630MHz",
        "hex": "002328"
    },
    {
        "name": "2649MHz",
        "hex": "006E28"
    }
]