[{"CPU Minimum Voltage": "030000", "extent": " mV", "filler_before": "false", "page": "1"}, {"CPU Maximum Voltage": "00000000", "extent": " mV", "filler_before": "false", "page": "1"}, {"dCPUv": "00000000", "extent": " mV", "filler_before": "false", "page": "1"}, {"CPU Boost Clock": "00000000", "extent": " MHz", "filler_before": "false", "page": "1"}, {"Low MHz Undervolt Mode": "00", "extent": "", "filler_before": "false", "page": "1"}, {"High MHz Undervolt Mode": "00", "extent": "", "filler_before": "false", "page": "1"}, {"Speedshift": "000000", "extent": "", "filler_before": "false", "page": "1"}, {"GPU Eco Mode": "00", "extent": "", "filler_before": "true", "page": "1"}, {"GPUv": "030000", "extent": " mV", "filler_before": "false", "page": "1"}, {"GPU Over Mode": "00000000", "extent": " mV", "filler_before": "false", "page": "1"}, {"RAM MHz": "00000000", "extent": " MHz", "filler_before": "true", "page": "1"}, {"RAM Vddq": "10EB09", "extent": " mV", "filler_before": "false", "page": "1"}, {"RAM Vdd2": "70991400", "extent": " mV", "filler_before": "false", "page": "1"}, {"EMC Balance": "00000000", "extent": "", "filler_before": "false", "page": "1"}, {"  eBm ST": "00000000", "extent": "", "filler_before": "false", "page": "1"}, {"EMC DVB Mode": "00000000", "extent": " mV", "filler_before": "false", "page": "1"}, {"Core Timings": "01,01,00,01,01,01,01,01", "extent": "", "filler_before": "false", "page": "1"}, {"Eba-shift": "01", "extent": "", "filler_before": "false", "page": "1"}, {"pMEH(0-11)": "0000,0200,0000,0200,0200,0000,0000,0000,0000,0000,0000,0000", "extent": "", "filler_before": "true", "page": "1"}, {"pMEH(12-21)": "0100,0000,0000,0000,0000,0000,0000,0100,0400,0200", "extent": "", "filler_before": "false", "page": "1"}, {"sMEH(0-11)": "0700,0200,0200,0200,0200,0200,0100,0000,0000,0000,0000,0200", "extent": "", "filler_before": "false", "page": "1"}, {"sMEH(12-16)": "0000,0000,0000,0000,0100", "extent": "", "filler_before": "false", "page": "1"}, {"> GPU Voltage Table": "", "filler_before": "true", "page": "2"}, {"307mhz": "88660700", "extent": "mV", "filler_before": "true", "page": "2", "no_skip": "true"}, {"921mhz": "20120A00", "extent": "mV", "filler_before": "false", "page": "2", "no_skip": "false"}, {"345mhz": "107A0700", "extent": "mV", "filler_before": "false", "page": "2", "no_skip": "true"}, {"960mhz": "30390A00", "extent": "mV", "filler_before": "false", "page": "2", "no_skip": "false"}, {"384mhz": "20A10700", "extent": "mV", "filler_before": "false", "page": "2", "no_skip": "true"}, {"998mhz": "C8730A00", "extent": "mV", "filler_before": "false", "page": "2", "no_skip": "false"}, {"422mhz": "30C80700", "extent": "mV", "filler_before": "false", "page": "2", "no_skip": "true"}, {"1036mhz": "60AE0A00", "extent": "mV", "filler_before": "false", "page": "2", "no_skip": "false"}, {"460mhz": "40EF0700", "extent": "mV", "filler_before": "false", "page": "2", "no_skip": "true"}, {"1075mhz": "F8E80A00", "extent": "mV", "filler_before": "false", "page": "2", "no_skip": "false"}, {"499mhz": "50160800", "extent": "mV", "filler_before": "false", "page": "2", "no_skip": "true"}, {"1113mhz": "90230B00", "extent": "mV", "filler_before": "false", "page": "2", "no_skip": "false"}, {"537mhz": "603D0800", "extent": "mV", "filler_before": "false", "page": "2", "no_skip": "true"}, {"1152mhz": "B0710B00", "extent": "mV", "filler_before": "false", "page": "2", "no_skip": "false"}, {"576mhz": "70640800", "extent": "mV", "filler_before": "false", "page": "2", "no_skip": "true"}, {"1190mhz": "48AC0B00", "extent": "mV", "filler_before": "false", "page": "2", "no_skip": "false"}, {"614mhz": "808B0800", "extent": "mV", "filler_before": "false", "page": "2", "no_skip": "true"}, {"1228mhz": "68FA0B00", "extent": "mV", "filler_before": "false", "page": "2", "no_skip": "false"}, {"652mhz": "90B20800", "extent": "mV", "filler_before": "false", "page": "2", "no_skip": "true"}, {"1267mhz": "986F0C00", "extent": "mV", "filler_before": "false", "page": "2", "no_skip": "false"}, {"691mhz": "28ED0800", "extent": "mV", "filler_before": "false", "page": "2", "no_skip": "true"}, {"1305mhz": "C8E40C00", "extent": "mV", "filler_before": "false", "page": "2", "no_skip": "false"}, {"729mhz": "38140900", "extent": "mV", "filler_before": "false", "page": "2", "no_skip": "true"}, {"1344mhz": "F8590D00", "extent": "mV", "filler_before": "false", "page": "2", "no_skip": "false"}, {"768mhz": "D04E0900", "extent": "mV", "filler_before": "false", "page": "2", "no_skip": "true"}, {"1382mhz": "28CF0D00", "extent": "mV", "filler_before": "false", "page": "2", "no_skip": "false"}, {"806mhz": "E0750900", "extent": "mV", "filler_before": "false", "page": "2", "no_skip": "true"}, {"1420mhz": "58440E00", "extent": "mV", "filler_before": "false", "page": "2", "no_skip": "false"}, {"844mhz": "78B00900", "extent": "mV", "filler_before": "false", "page": "2", "no_skip": "true"}, {"MAXmhz": "00A60E00", "extent": "mV", "filler_before": "false", "page": "2", "no_skip": "false"}, {"883mhz": "88D70900", "extent": "mV", "filler_before": "false", "page": "2", "no_skip": "true"}]