[
    {
        "name": "550mV - Unstable",
        "hex": "706408"
    },
    {
        "name": "560mV - Unstable",
        "hex": "808B08"
    },
    {
        "name": "570mV - Unstable",
        "hex": "90B208"
    },
    {
        "name": "580mV - Unstable",
        "hex": "A0D908"
    },
    {
        "name": "590mV - Unstable",
        "hex": "B00009"
    },
    {
        "name": "600mV - Unstable",
        "hex": "C02709"
    },
    {
        "name": "610mV",
        "hex": "D04E09"
    },
    {
        "name": "620mV",
        "hex": "E07509"
    },
    {
        "name": "630mV",
        "hex": "F09C09"
    },
    {
        "name": "640mV - Base",
        "hex": "00C409"
    },
    {
        "name": "650mV",
        "hex": "10EB09"
    },
    {
        "name": "660mV",
        "hex": "20120A"
    },
    {
        "name": "670mV",
        "hex": "30390A"
    },
    {
        "name": "680mV",
        "hex": "40600A"
    },
    {
        "name": "690mV",
        "hex": "50870A"
    },
    {
        "name": "700mV",
        "hex": "60AE0A"
    }
]